{"info":{"_postman_id":"5b24201f-eb52-456b-b1fe-9727c4c1f9ff","name":"GroupsCRUD","schema":"https://schema.getpostman.com/json/collection/v2.1.0/collection.json"},"item":[{"name":"get all groups","id":"95728e3b-796c-4202-8fac-cf3414fd244c","protocolProfileBehavior":{"disableBodyPruning":true},"request":{"method":"GET","header":[],"body":{"mode":"raw","raw":"","options":{"raw":{"language":"json"}}},"url":{"raw":"http://localhost:8181/Gradle___myorg_example___University_1_0_SNAPSHOT_war__exploded_/groups","protocol":"http","host":["localhost"],"port":"8181","path":["Gradle___myorg_example___University_1_0_SNAPSHOT_war__exploded_","groups"]}},"response":[]},{"name":"get group by id","id":"34da8565-f56a-42ee-ac4a-8e2a24c08121","protocolProfileBehavior":{"disableBodyPruning":true},"request":{"method":"GET","header":[],"body":{"mode":"raw","raw":"","options":{"raw":{"language":"json"}}},"url":{"raw":"http://localhost:8181/Gradle___myorg_example___University_1_0_SNAPSHOT_war__exploded_/groups/1/2","protocol":"http","host":["localhost"],"port":"8181","path":["Gradle___myorg_example___University_1_0_SNAPSHOT_war__exploded_","groups","1","2"]}},"response":[]},{"name":"get groups by parameters","id":"2c980f10-2aed-4e90-8501-efb4371c19da","protocolProfileBehavior":{"disableBodyPruning":true},"request":{"method":"GET","header":[],"body":{"mode":"raw","raw":"","options":{"raw":{"language":"json"}}},"url":{"raw":"http://localhost:8181/Gradle___myorg_example___University_1_0_SNAPSHOT_war__exploded_/groups?number=Best-Group 1","protocol":"http","host":["localhost"],"port":"8181","path":["Gradle___myorg_example___University_1_0_SNAPSHOT_war__exploded_","groups"],"query":[{"key":"number","value":"Best-Group 1"},{"key":"id","value":"1","disabled":true}]}},"response":[]},{"name":"update group","id":"8bf3d8c0-4ef4-4edf-82be-e832c763457f","protocolProfileBehavior":{"disableBodyPruning":true},"request":{"method":"PUT","header":[],"body":{"mode":"raw","raw":"{\r\n\"number\": \"updatedNumber-11\"\r\n}","options":{"raw":{"language":"json"}}},"url":{"raw":"http://localhost:8181/Gradle___myorg_example___University_1_0_SNAPSHOT_war__exploded_/groups/3","protocol":"http","host":["localhost"],"port":"8181","path":["Gradle___myorg_example___University_1_0_SNAPSHOT_war__exploded_","groups","3"]}},"response":[]},{"name":"create group","id":"9d2495be-0b3a-46ee-8bce-92928525542b","protocolProfileBehavior":{"disableBodyPruning":true},"request":{"method":"POST","header":[],"body":{"mode":"raw","raw":"{\r\n\"number\":\"numberOfgroup-1\"\r\n}","options":{"raw":{"language":"json"}}},"url":{"raw":"http://localhost:8181/Gradle___myorg_example___University_1_0_SNAPSHOT_war__exploded_/groups","protocol":"http","host":["localhost"],"port":"8181","path":["Gradle___myorg_example___University_1_0_SNAPSHOT_war__exploded_","groups"]}},"response":[]},{"name":"add students to group","id":"f4fffad1-c312-448b-be52-4c1c617992a4","protocolProfileBehavior":{"disableBodyPruning":true},"request":{"method":"POST","header":[],"body":{"mode":"raw","raw":"{\r\n\"firstName\":\"Anton2\",\r\n\"middleName\":\"Ivanovich\",\r\n\"surName\":\"Kupreychik\",\r\n\"birthDay\":\"2000-06-16\",\r\n\"phoneNumber\":\"234234234\"\r\n}","options":{"raw":{"language":"json"}}},"url":{"raw":"http://localhost:8181/Gradle___myorg_example___University_1_0_SNAPSHOT_war__exploded_/groups/1/4/5","protocol":"http","host":["localhost"],"port":"8181","path":["Gradle___myorg_example___University_1_0_SNAPSHOT_war__exploded_","groups","1","4","5"]}},"response":[]},{"name":"add students to group by params","id":"a8833a3c-53df-4ccc-bb2f-775738595047","protocolProfileBehavior":{"disableBodyPruning":true},"request":{"method":"POST","header":[],"body":{"mode":"raw","raw":"{\r\n\"firstName\":\"Anton2\",\r\n\"middleName\":\"Ivanovich\",\r\n\"surName\":\"Kupreychik\",\r\n\"birthDay\":\"2000-06-16\",\r\n\"phoneNumber\":\"234234234\"\r\n}","options":{"raw":{"language":"json"}}},"url":{"raw":"http://localhost:8181/Gradle___myorg_example___University_1_0_SNAPSHOT_war__exploded_/groups/1?id=3&id=4","protocol":"http","host":["localhost"],"port":"8181","path":["Gradle___myorg_example___University_1_0_SNAPSHOT_war__exploded_","groups","1"],"query":[{"key":"id","value":"3"},{"key":"id","value":"4"}]}},"response":[]},{"name":"delete group","id":"c1d13972-011e-4ece-aabf-51b737e6f8fe","protocolProfileBehavior":{"disableBodyPruning":true},"request":{"method":"DELETE","header":[],"body":{"mode":"raw","raw":"","options":{"raw":{"language":"json"}}},"url":{"raw":"http://localhost:8181/Gradle___myorg_example___University_1_0_SNAPSHOT_war__exploded_/groups/1","protocol":"http","host":["localhost"],"port":"8181","path":["Gradle___myorg_example___University_1_0_SNAPSHOT_war__exploded_","groups","1"]}},"response":[]},{"name":"replace students from group","id":"4869d616-cad0-4e03-8a6b-6c8d71a92a75","protocolProfileBehavior":{"disableBodyPruning":true},"request":{"method":"DELETE","header":[],"body":{"mode":"raw","raw":"","options":{"raw":{"language":"json"}}},"url":{"raw":"http://localhost:8181/Gradle___myorg_example___University_1_0_SNAPSHOT_war__exploded_/groups/1/4","protocol":"http","host":["localhost"],"port":"8181","path":["Gradle___myorg_example___University_1_0_SNAPSHOT_war__exploded_","groups","1","4"]}},"response":[]}]}