{"info":{"_postman_id":"6c712718-6410-44cd-8e39-e534863a3500","name":"StudentsCRUD","schema":"https://schema.getpostman.com/json/collection/v2.1.0/collection.json"},"item":[{"name":"get all students","id":"b9571c78-01d6-4989-a844-5ac02b049448","protocolProfileBehavior":{"disableBodyPruning":true},"request":{"method":"GET","header":[],"body":{"mode":"raw","raw":"","options":{"raw":{"language":"json"}}},"url":{"raw":"http://localhost:8181/Gradle___myorg_example___University_1_0_SNAPSHOT_war__exploded_/students","protocol":"http","host":["localhost"],"port":"8181","path":["Gradle___myorg_example___University_1_0_SNAPSHOT_war__exploded_","students"]}},"response":[]},{"name":"get student by id","id":"46d6076a-5fed-4d73-9ffe-55507bc204cc","protocolProfileBehavior":{"disableBodyPruning":true},"request":{"method":"GET","header":[],"body":{"mode":"raw","raw":"","options":{"raw":{"language":"json"}}},"url":{"raw":"http://localhost:8181/Gradle___myorg_example___University_1_0_SNAPSHOT_war__exploded_/students","protocol":"http","host":["localhost"],"port":"8181","path":["Gradle___myorg_example___University_1_0_SNAPSHOT_war__exploded_","students"]}},"response":[]},{"name":"get students by parameters","id":"7adeed15-1c1f-4072-944e-cdfdd3381b8b","protocolProfileBehavior":{"disableBodyPruning":true},"request":{"method":"GET","header":[],"body":{"mode":"raw","raw":"","options":{"raw":{"language":"json"}}},"url":{"raw":"http://localhost:8181/Gradle___myorg_example___University_1_0_SNAPSHOT_war__exploded_/students?firstname=Anton","protocol":"http","host":["localhost"],"port":"8181","path":["Gradle___myorg_example___University_1_0_SNAPSHOT_war__exploded_","students"],"query":[{"key":"firstname","value":"Anton","type":"text"}]}},"response":[]},{"name":"update student","id":"81d4be30-75f5-40b3-88f1-2f5fea98d79c","protocolProfileBehavior":{"disableBodyPruning":true},"request":{"method":"PUT","header":[],"body":{"mode":"raw","raw":"{\r\n\"firstName\":\"Anton22\",\r\n\"middleName\":\"Ivanovich2\",\r\n\"surName\":\"Kupreychik2\"\r\n}","options":{"raw":{"language":"json"}}},"url":{"raw":"http://localhost:8181/Gradle___myorg_example___University_1_0_SNAPSHOT_war__exploded_/students/3","protocol":"http","host":["localhost"],"port":"8181","path":["Gradle___myorg_example___University_1_0_SNAPSHOT_war__exploded_","students","3"]}},"response":[]},{"name":"delete student","id":"ddc6dce6-f15c-47cd-b46e-69e41298a8cd","protocolProfileBehavior":{"disableBodyPruning":true},"request":{"method":"DELETE","header":[],"body":{"mode":"raw","raw":"","options":{"raw":{"language":"json"}}},"url":{"raw":"http://localhost:8181/Gradle___myorg_example___University_1_0_SNAPSHOT_war__exploded_/students/3","protocol":"http","host":["localhost"],"port":"8181","path":["Gradle___myorg_example___University_1_0_SNAPSHOT_war__exploded_","students","3"]}},"response":[]},{"name":"create student","id":"bf894ccc-e1c5-465a-a820-5111d97830e8","protocolProfileBehavior":{"disableBodyPruning":true},"request":{"method":"POST","header":[],"body":{"mode":"raw","raw":"{\r\n\"firstName\":\"Антон\",\r\n\"middleName\":\"Иванович\",\r\n\"surName\":\"Иванов\",\r\n\"birthDay\":\"2000-06-16\",\r\n\"phoneNumber\":\"+79113334455\"\r\n}","options":{"raw":{"language":"json"}}},"url":{"raw":"http://localhost:8181/Gradle___myorg_example___University_1_0_SNAPSHOT_war__exploded_/students","protocol":"http","host":["localhost"],"port":"8181","path":["Gradle___myorg_example___University_1_0_SNAPSHOT_war__exploded_","students"]}},"response":[]}]}