{"info":{"_postman_id":"8c3bbd57-6838-4a09-a7b2-b5cf057341e3","name":"ScheduleCRUD","schema":"https://schema.getpostman.com/json/collection/v2.1.0/collection.json"},"item":[{"name":"get schedules by params","id":"3e12f708-1915-43e9-ad99-63bf8d462b9c","protocolProfileBehavior":{"disableBodyPruning":true},"request":{"method":"GET","header":[],"body":{"mode":"raw","raw":"","options":{"raw":{"language":"json"}}},"url":{"raw":"http://localhost:8181/Gradle___myorg_example___University_1_0_SNAPSHOT_war__exploded_/schedules?begindatetime=2024-02-01-00-00&enddatetime=2024-02-20-23-59","protocol":"http","host":["localhost"],"port":"8181","path":["Gradle___myorg_example___University_1_0_SNAPSHOT_war__exploded_","schedules"],"query":[{"key":"begindatetime","value":"2024-02-01-00-00"},{"key":"enddatetime","value":"2024-02-20-23-59"},{"key":"groupid","value":"1","disabled":true},{"key":"teacherid","value":"1","disabled":true},{"key":"subject","value":"hightmath","disabled":true}]}},"response":[]},{"name":"update schedule by params","id":"34cc1336-e582-43b4-a7e4-886789c0cb59","protocolProfileBehavior":{"disableBodyPruning":true},"request":{"method":"PUT","header":[],"body":{"mode":"raw","raw":"{\r\n\"begin\":\"2024-02-07 11:30\",\r\n\"end\":\"2024-02-07 13:30\",\r\n\"groupId\":1,\r\n\"teacherId\":2,\r\n\"subject\":\"physics\"\r\n}","options":{"raw":{"language":"json"}}},"url":{"raw":"http://localhost:8181/Gradle___myorg_example___University_1_0_SNAPSHOT_war__exploded_/schedules?begindatetime=2024-02-06-11-30&enddatetime=2024-02-06-13-30&groupid=1","protocol":"http","host":["localhost"],"port":"8181","path":["Gradle___myorg_example___University_1_0_SNAPSHOT_war__exploded_","schedules"],"query":[{"key":"begindatetime","value":"2024-02-06-11-30"},{"key":"enddatetime","value":"2024-02-06-13-30"},{"key":"groupid","value":"1"},{"key":"teacherid","value":"1","disabled":true},{"key":"subject","value":"hightmath","disabled":true}]}},"response":[]},{"name":"delete schedule by params","id":"a8ca1c57-8b88-45bd-8bfc-23304d11936a","protocolProfileBehavior":{"disableBodyPruning":true},"request":{"method":"DELETE","header":[],"body":{"mode":"raw","raw":"","options":{"raw":{"language":"json"}}},"url":{"raw":"http://localhost:8181/Gradle___myorg_example___University_1_0_SNAPSHOT_war__exploded_/schedules?begindatetime=2024-02-06-11-30&enddatetime=2024-02-06-13-30&groupid=2&teacherid=2","protocol":"http","host":["localhost"],"port":"8181","path":["Gradle___myorg_example___University_1_0_SNAPSHOT_war__exploded_","schedules"],"query":[{"key":"begindatetime","value":"2024-02-06-11-30"},{"key":"enddatetime","value":"2024-02-06-13-30"},{"key":"groupid","value":"2"},{"key":"teacherid","value":"2"},{"key":"subject","value":"physics","disabled":true}]}},"response":[]},{"name":"create schedule unit","id":"f16da04f-42d4-4787-99ad-06b9162f7117","protocolProfileBehavior":{"disableBodyPruning":true},"request":{"method":"POST","header":[],"body":{"mode":"raw","raw":"{\r\n\"begin\":\"2024-02-06 11:30\",\r\n\"end\":\"2024-02-06 13:30\",\r\n\"groupId\":1,\r\n\"teacherId\":1,\r\n\"subject\":\"physics\"\r\n}","options":{"raw":{"language":"json"}}},"url":{"raw":"http://localhost:8181/Gradle___myorg_example___University_1_0_SNAPSHOT_war__exploded_/schedules","protocol":"http","host":["localhost"],"port":"8181","path":["Gradle___myorg_example___University_1_0_SNAPSHOT_war__exploded_","schedules"]}},"response":[]}]}