{"info":{"_postman_id":"ede902f6-df6e-4f28-8f5c-c7a24b0aeee8","name":"Init","schema":"https://schema.getpostman.com/json/collection/v2.1.0/collection.json"},"item":[{"name":"init test data","id":"ec86f2a5-a3a5-4eed-94bd-179c266f30f2","protocolProfileBehavior":{"disableBodyPruning":true},"request":{"method":"GET","header":[],"body":{"mode":"raw","raw":"","options":{"raw":{"language":"json"}}},"url":{"raw":"http://localhost:8181/Gradle___myorg_example___University_1_0_SNAPSHOT_war__exploded_/init","protocol":"http","host":["localhost"],"port":"8181","path":["Gradle___myorg_example___University_1_0_SNAPSHOT_war__exploded_","init"]}},"response":[]}]}