{"info":{"_postman_id":"24bdb9d8-2141-40b4-babd-1528eca5d621","name":"TeachersCRUD","schema":"https://schema.getpostman.com/json/collection/v2.1.0/collection.json"},"item":[{"name":"get all teachers","id":"8fc25590-8a14-404b-a16b-f48f47f46575","protocolProfileBehavior":{"disableBodyPruning":true},"request":{"method":"GET","header":[],"body":{"mode":"raw","raw":"","options":{"raw":{"language":"json"}}},"url":{"raw":"{{hostName}}/teachers","host":["{{hostName}}"],"path":["teachers"]}},"response":[]},{"name":"get teachers by id","id":"af87dd86-5d87-4717-8b3c-6f70df411176","protocolProfileBehavior":{"disableBodyPruning":true},"request":{"method":"GET","header":[],"body":{"mode":"raw","raw":"","options":{"raw":{"language":"json"}}},"url":{"raw":"{{hostName}}/teachers/1/2","host":["{{hostName}}"],"path":["teachers","1","2"]}},"response":[]},{"name":"get teachers by parameters","id":"cde222eb-ac70-4c24-bc03-2e4efd02a38f","protocolProfileBehavior":{"disableBodyPruning":true},"request":{"method":"GET","header":[],"body":{"mode":"raw","raw":"","options":{"raw":{"language":"json"}}},"url":{"raw":"{{hostName}}/teachers?firstname=Антон","host":["{{hostName}}"],"path":["teachers"],"query":[{"key":"firstname","value":"Антон"}]}},"response":[]},{"name":"update teacher","id":"afaf28ef-ed32-4a4a-93fb-99b1961a4afd","protocolProfileBehavior":{"disableBodyPruning":true},"request":{"method":"PUT","header":[],"body":{"mode":"raw","raw":"{\r\n\"firstName\":\"Petr\",\r\n\"middleName\":\"Petrovich\",\r\n\"surName\":\"Petrov\",\r\n\"birthDay\":\"1990-06-17\",\r\n\"experienceBegin\":\"2000-06-16\",\r\n\"phoneNumber\":\"+79991232255\"\r\n}","options":{"raw":{"language":"json"}}},"url":{"raw":"{{hostName}}/teachers/1","host":["{{hostName}}"],"path":["teachers","1"]}},"response":[]},{"name":"create teacher","id":"22bf35ea-5393-44a8-a0d1-fbf525499148","protocolProfileBehavior":{"disableBodyPruning":true},"request":{"method":"POST","header":[],"body":{"mode":"raw","raw":"{\r\n\"firstName\":\"Антон\",\r\n\"middleName\":\"Антонович\",\r\n\"surName\":\"Антонов\",\r\n\"birthDay\":\"1990-06-16\",\r\n\"experienceBegin\":\"2000-06-16\",\r\n\"phoneNumber\":\"+79992225544\"\r\n}","options":{"raw":{"language":"json"}}},"url":{"raw":"{{hostName}}/teachers","host":["{{hostName}}"],"path":["teachers"]}},"response":[]},{"name":"add teachers subject","id":"a08ad70f-d36a-41b7-b1a3-7dacd96644cc","protocolProfileBehavior":{"disableBodyPruning":true},"request":{"method":"POST","header":[],"body":{"mode":"raw","raw":"","options":{"raw":{"language":"json"}}},"url":{"raw":"{{hostName}}/teachers/1/2?subject=hightmath&subject=physics","host":["{{hostName}}"],"path":["teachers","1","2"],"query":[{"key":"subject","value":"hightmath"},{"key":"subject","value":"physics"}]}},"response":[]},{"name":"delete teacher","id":"630ce21f-37aa-41fc-8067-12aa697325d0","protocolProfileBehavior":{"disableBodyPruning":true},"request":{"method":"DELETE","header":[],"body":{"mode":"raw","raw":"","options":{"raw":{"language":"json"}}},"url":{"raw":"{{hostName}}/teachers/1","host":["{{hostName}}"],"path":["teachers","1"]}},"response":[]},{"name":"replace teachers subject","id":"60d74c40-cb2a-4d03-9140-a78373211cf7","protocolProfileBehavior":{"disableBodyPruning":true},"request":{"method":"DELETE","header":[],"body":{"mode":"raw","raw":"","options":{"raw":{"language":"json"}}},"url":{"raw":"{{hostName}}/teachers/3?subject=hightmath","host":["{{hostName}}"],"path":["teachers","3"],"query":[{"key":"subject","value":"hightmath"}]}},"response":[]}]}